{
  "project_info": {
    "project_number": "876101607922",
    "firebase_url": "https://string-86c11-default-rtdb.firebaseio.com",
    "project_id": "string-86c11",
    "storage_bucket": "string-86c11.appspot.com"
  },
  "client": [
    {
      "client_info": {
        "mobilesdk_app_id": "1:876101607922:android:021c4f14cf7a7763544b6b",
        "android_client_info": {
          "package_name": "com.example.string"
        }
      },
      "oauth_client": [
        {
          "client_id": "876101607922-simlcqeo9e5iju4o1su8j9o0kh3vs2c3.apps.googleusercontent.com",
          "client_type": 1,
          "android_info": {
            "package_name": "com.example.string",
            "certificate_hash": "1905da376672a925056364c4a0603a031a967281"
          }
        },
        {
          "client_id": "876101607922-9a2jnu8185d8gchahnsnhu77qp1dluha.apps.googleusercontent.com",
          "client_type": 3
        }
      ],
      "api_key": [
        {
          "current_key": "AIzaSyCEcEWyG8cnJBgB-gEMkfKvd0-MwJq9UpA"
        }
      ],
      "services": {
        "appinvite_service": {
          "other_platform_oauth_client": [
            {
              "client_id": "876101607922-9a2jnu8185d8gchahnsnhu77qp1dluha.apps.googleusercontent.com",
              "client_type": 3
            }
          ]
        }
      }
    }
  ],
  "configuration_version": "1"
}